Filename,Frame,Technique,Kernel,Method,IoU,Intersection Area,Union Area
WW182S125GN10.mat,10,gaussian,3,q1,0.8394518560664497,85582.17754688034,101950.07245311968
WW182S125GN10.mat,10,gaussian,3,avg_min_intensity,0.7099058774767726,72312.66810543876,101862.33189456127
WW182S125GN10.mat,10,gaussian,5,q1,0.8899827411233059,90767.825950541,101988.29904945902
WW182S125GN10.mat,10,gaussian,5,avg_min_intensity,0.601826958551677,61241.14623732547,101758.72876267454
WW182S125GN10.mat,10,gaussian,7,q1,0.8310907673233822,87727.75534402345,105557.36965597655
WW182S125GN10.mat,10,gaussian,7,avg_min_intensity,0.5899447049214668,60456.12955467269,102477.62044532731
WW182S125GN10.mat,10,gaussian,9,q1,0.86866280193588,89112.40177513228,102585.72322486773
WW182S125GN10.mat,10,gaussian,9,avg_min_intensity,0.52385859925346,53284.096110240105,101714.65388975988
WW182S125GN10.mat,10,gaussian,11,q1,0.9114744016637902,92986.59499192674,102017.78000807324
WW182S125GN10.mat,10,gaussian,11,avg_min_intensity,0.4827827803972902,49088.505557746474,101678.24444225352
WW182S125GN10.mat,10,gaussian,13,q1,0.8292961783404711,87654.1779296875,105697.0720703125
WW182S125GN10.mat,10,gaussian,13,avg_min_intensity,0.5072022904628405,51581.47248908768,101698.0275109123
WW182S125GN10.mat,10,gaussian,15,q1,0.8690936733304738,90089.20388692606,103658.79611307393
WW182S125GN10.mat,10,gaussian,15,avg_min_intensity,0.4710224817764893,47894.505432953665,101681.99456704633
WW182S125GN10.mat,10,gaussian,17,q1,0.8675590721586778,89819.71898582502,103531.53101417498
WW182S125GN10.mat,10,gaussian,17,avg_min_intensity,0.6483862667751832,66014.09159211331,101812.90840788669
WW182S125GN10.mat,10,gaussian,19,q1,0.8320637240003648,89105.21406422573,107089.41093577427
WW182S125GN10.mat,10,gaussian,19,avg_min_intensity,0.6028546572278439,61356.13160947079,101775.9933905292
WW182S125GN10.mat,10,gaussian,21,q1,0.8385318719478031,88516.88415599358,105561.74084400643
WW182S125GN10.mat,10,gaussian,21,avg_min_intensity,0.6254210468206064,63659.642789297286,101786.85721070273
WW182S125GN10.mat,10,gaussian,23,q1,0.9314184584741241,95475.02541442527,102504.97458557472
WW182S125GN10.mat,10,gaussian,23,avg_min_intensity,0.6112883367505783,62214.962903833395,101776.7870961666
WW182S125GN10.mat,10,gaussian,25,q1,0.9035709979895298,97114.23929100524,107478.26070899474
WW182S125GN10.mat,10,gaussian,25,avg_min_intensity,0.6783684179077579,70719.33865191262,104249.16134808738
WW182S125GN10.mat,10,gaussian,27,q1,0.8921064625632446,94093.54808353345,105473.45191646655
WW182S125GN10.mat,10,gaussian,27,avg_min_intensity,0.6481932462539001,66522.27447019526,102627.22552980474
WW182S125GN10.mat,10,gaussian,29,q1,0.877099906822473,94548.04306153962,107796.20693846038
WW182S125GN10.mat,10,gaussian,29,avg_min_intensity,0.7188583940945467,74391.871875,103486.128125
WW182S125GN10.mat,10,gaussian,31,q1,0.9113717344033451,96985.35247090989,106416.8975290901
WW182S125GN10.mat,10,gaussian,31,avg_min_intensity,0.7031133124953178,71606.11878461315,101841.50621538685
WW141S050G0.mat,10,gaussian,3,q1,0.5596815777059991,53611.575969140424,95789.42403085956
WW141S050G0.mat,10,gaussian,3,avg_min_intensity,0.7939306733499258,69426.53225789565,87446.59274210436
WW141S050G0.mat,10,gaussian,5,q1,0.5667358901031226,49163.31170704253,86748.18829295746
WW141S050G0.mat,10,gaussian,5,avg_min_intensity,0.4698451341985914,44459.54467727543,94625.95532272455
WW141S050G0.mat,10,gaussian,7,q1,0.29359276698325965,30891.387022970834,105218.48797702917
WW141S050G0.mat,10,gaussian,7,avg_min_intensity,0.6693864689934462,56459.54137679965,84345.20862320035
WW141S050G0.mat,10,gaussian,9,q1,0.31835269073532035,33330.554357165835,104696.94564283418
WW141S050G0.mat,10,gaussian,9,avg_min_intensity,0.6602394540205179,64777.84546360989,98112.65453639011
WW141S050G0.mat,10,gaussian,11,q1,0.3920425974814893,38649.373173000284,98584.62682699972
WW141S050G0.mat,10,gaussian,11,avg_min_intensity,0.735531538255317,73518.12450218266,99952.37549781735
WW141S050G0.mat,10,gaussian,13,q1,0.42241142197231074,40145.430209041304,95038.69479095869
WW141S050G0.mat,10,gaussian,13,avg_min_intensity,0.7830070884940256,73740.26672132513,94175.73327867487
WW141S050G0.mat,10,gaussian,15,q1,0.3570258742509114,37462.46847203995,104929.28152796006
WW141S050G0.mat,10,gaussian,15,avg_min_intensity,0.5057996209218006,42609.84150650292,84242.53349349707
WW141S050G0.mat,10,gaussian,17,q1,0.3190514621071225,33130.10939639331,103839.39060360668
WW141S050G0.mat,10,gaussian,17,avg_min_intensity,0.49101702533736746,41360.878693064005,84235.12130693598
WW141S050G0.mat,10,gaussian,19,q1,0.3886017595504374,36036.42889917585,92733.57110082413
WW141S050G0.mat,10,gaussian,19,avg_min_intensity,0.5558986575680328,46858.05629740277,84292.44370259721
WW141S050G0.mat,10,gaussian,21,q1,0.28921839655208165,26514.29919081955,91675.70080918047
WW141S050G0.mat,10,gaussian,21,avg_min_intensity,0.6303110549238844,53134.12124963431,84298.25375036571
WW141S050G0.mat,10,gaussian,23,q1,0.41612609382018834,42074.72698595203,101110.52301404795
WW141S050G0.mat,10,gaussian,23,avg_min_intensity,0.7159464911824877,60486.27438362484,84484.35061637517
WW141S050G0.mat,10,gaussian,25,q1,0.34853155348564446,36955.33674610319,106031.5382538968
WW141S050G0.mat,10,gaussian,25,avg_min_intensity,0.6391161540861802,53896.35713428048,84329.51786571952
WW141S050G0.mat,10,gaussian,27,q1,0.2732144670567811,29959.368352981364,109655.13164701863
WW141S050G0.mat,10,gaussian,27,avg_min_intensity,0.49427936398930633,41632.27398476025,84228.22601523975
WW141S050G0.mat,10,gaussian,29,q1,0.33331287960642586,32703.463615287295,98116.4113847127
WW141S050G0.mat,10,gaussian,29,avg_min_intensity,0.605992190286075,51084.14486548073,84298.35513451928
WW141S050G0.mat,10,gaussian,31,q1,0.1939579239433954,20789.724458262175,107186.7755417378
WW141S050G0.mat,10,gaussian,31,avg_min_intensity,0.5722721384656789,48241.2978252846,84297.82717471539
WW172S125GN0.mat,10,gaussian,3,q1,0.697254932920211,71559.058595716,102629.69140428399
WW172S125GN0.mat,10,gaussian,3,avg_min_intensity,0.7288304565023775,76555.67614692419,105039.07385307581
WW172S125GN0.mat,10,gaussian,5,q1,0.6069215774469019,62268.25449065014,102596.87050934986
WW172S125GN0.mat,10,gaussian,5,avg_min_intensity,0.5703117916382604,64079.05876851474,112357.94123148528
WW172S125GN0.mat,10,gaussian,7,q1,0.5936416054530524,60896.033074046674,102580.46692595333
WW172S125GN0.mat,10,gaussian,7,avg_min_intensity,0.6555365716357265,69758.36030755239,106414.1396924476
WW172S125GN0.mat,10,gaussian,9,q1,0.6063565321438742,62207.205026529125,102591.79497347085
WW172S125GN0.mat,10,gaussian,9,avg_min_intensity,0.5270120180811777,56876.47021723892,107922.52978276109
WW172S125GN0.mat,10,gaussian,11,q1,0.581538074907099,59649.009214798956,102571.11578520102
WW172S125GN0.mat,10,gaussian,11,avg_min_intensity,0.5104911236060529,57662.68544464057,112955.31455535944
WW172S125GN0.mat,10,gaussian,13,q1,0.559711871030445,57406.85772260223,102565.0172773978
WW172S125GN0.mat,10,gaussian,13,avg_min_intensity,0.6165649718384378,63258.587384774764,102598.41261522523
WW172S125GN0.mat,10,gaussian,15,q1,0.547079183913994,56101.69893429985,102547.67606570014
WW172S125GN0.mat,10,gaussian,15,avg_min_intensity,0.6777965550458039,69567.4069723407,102637.5930276593
WW172S125GN0.mat,10,gaussian,17,q1,0.5676353905091538,58212.590102878705,102552.78489712131
WW172S125GN0.mat,10,gaussian,17,avg_min_intensity,0.6091011071497784,62482.31397845837,102581.18602154162
WW172S125GN0.mat,10,gaussian,19,q1,0.6087641323402156,62460.82712719819,102602.67287280184
WW172S125GN0.mat,10,gaussian,19,avg_min_intensity,0.4141734923703344,44237.02996314873,106807.97003685127
WW172S125GN0.mat,10,gaussian,21,q1,0.5749422452180607,58978.04989956518,102580.8251004348
WW172S125GN0.mat,10,gaussian,21,avg_min_intensity,0.6509336229117634,69461.66828934448,106710.83171065552
WW172S125GN0.mat,10,gaussian,23,q1,0.5577779743616524,57208.49867786222,102565.00132213779
WW172S125GN0.mat,10,gaussian,23,avg_min_intensity,0.6168309681661385,63275.46657717082,102581.53342282919
WW172S125GN0.mat,10,gaussian,25,q1,0.48444204310147854,49659.81808083623,102509.30691916378
WW172S125GN0.mat,10,gaussian,25,avg_min_intensity,0.5990020731282473,61438.0907663498,102567.40923365019
WW172S125GN0.mat,10,gaussian,27,q1,0.5399766958541314,55373.69493463648,102548.30506536351
WW172S125GN0.mat,10,gaussian,27,avg_min_intensity,0.6411660864737125,66759.88778640846,104122.61221359154
WW172S125GN0.mat,10,gaussian,29,q1,0.578167879519662,59454.192583273114,102832.0574167269
WW172S125GN0.mat,10,gaussian,29,avg_min_intensity,0.5778074086696072,59261.1902169738,102562.18478302623
WW172S125GN0.mat,10,gaussian,31,q1,0.5908240998592402,60591.56053214932,102554.31446785065
WW172S125GN0.mat,10,gaussian,31,avg_min_intensity,0.5476436115549588,56162.496960408535,102553.00303959147
WW172S150G0.mat,10,gaussian,3,q1,0.6760339416563046,69514.77722583344,102827.34777416654
WW172S150G0.mat,10,gaussian,3,avg_min_intensity,0.5446837470400542,55967.70779278537,102752.66720721465
WW172S150G0.mat,10,gaussian,5,q1,0.6864955415744085,70610.21171005434,102856.03828994566
WW172S150G0.mat,10,gaussian,5,avg_min_intensity,0.688736548287011,74063.83134159449,107535.79365840554
WW172S150G0.mat,10,gaussian,7,q1,0.5935318023944212,61013.92609029947,102798.07390970053
WW172S150G0.mat,10,gaussian,7,avg_min_intensity,0.5949500265567398,66827.8506116115,112325.1493883885
WW172S150G0.mat,10,gaussian,9,q1,0.5882114504298332,60473.641739921266,102809.35826007873
WW172S150G0.mat,10,gaussian,9,avg_min_intensity,0.5271905320248447,54174.41007417996,102760.58992582004
WW172S150G0.mat,10,gaussian,11,q1,0.5960558862044876,61275.27516934365,102801.22483065636
WW172S150G0.mat,10,gaussian,11,avg_min_intensity,0.6653386395874819,70730.09292922338,106306.90707077662
WW172S150G0.mat,10,gaussian,13,q1,0.5357749642753468,55048.69628611764,102745.92871388236
WW172S150G0.mat,10,gaussian,13,avg_min_intensity,0.5479488299273033,56301.47952168448,102749.52047831552
WW172S150G0.mat,10,gaussian,15,q1,0.5896656012910126,60690.32788196164,102923.29711803836
WW172S150G0.mat,10,gaussian,15,avg_min_intensity,0.651544244504713,66998.72086216266,102830.65413783732
WW172S150G0.mat,10,gaussian,17,q1,0.6037162568300178,62289.06483642327,103176.06016357674
WW172S150G0.mat,10,gaussian,17,avg_min_intensity,0.5648584190479734,58652.94966284225,103836.55033715777
WW172S150G0.mat,10,gaussian,19,q1,0.5649283771508676,58060.824790589686,102775.55020941031
WW172S150G0.mat,10,gaussian,19,avg_min_intensity,0.42809674463618524,43951.735683128005,102667.764316872
WW172S150G0.mat,10,gaussian,21,q1,0.6126480109776062,63438.29531596848,103547.70468403153
WW172S150G0.mat,10,gaussian,21,avg_min_intensity,0.4647849931429024,49481.681354675595,106461.44364532441
WW172S150G0.mat,10,gaussian,23,q1,0.7032958544145531,72361.91001256085,102889.71498743913
WW172S150G0.mat,10,gaussian,23,avg_min_intensity,0.6720496743863694,69110.28724275215,102835.08775724786
WW172S150G0.mat,10,gaussian,25,q1,0.5755419671117565,59163.80947648327,102796.6905235167
WW172S150G0.mat,10,gaussian,25,avg_min_intensity,0.725733701254666,74672.95232358063,102893.04767641936
WW172S150G0.mat,10,gaussian,27,q1,0.6008184570799476,61779.661584657864,102825.83841534214
WW172S150G0.mat,10,gaussian,27,avg_min_intensity,0.7112879616247288,73199.727246812,102911.52275318801
WW172S150G0.mat,10,gaussian,29,q1,0.7446840425641885,76637.27666980721,102912.47333019279
WW172S150G0.mat,10,gaussian,29,avg_min_intensity,0.6802488511863316,69960.11492360679,102844.88507639321
WW172S150G0.mat,10,gaussian,31,q1,0.6761445522314982,69601.58594852872,102938.91405147128
WW172S150G0.mat,10,gaussian,31,avg_min_intensity,0.5787511657115635,59469.73145400142,102755.26854599855
WW182S175G0.mat,10,gaussian,3,q1,0.48447792223375036,49407.12100474903,101980.12899525097
WW182S175G0.mat,10,gaussian,3,avg_min_intensity,0.8653047117455,88387.33850347872,102145.9114965213
WW182S175G0.mat,10,gaussian,5,q1,0.7667789627809156,78214.186568196,102003.563431804
WW182S175G0.mat,10,gaussian,5,avg_min_intensity,0.6043355851318137,61609.088703485955,101945.16129651407
WW182S175G0.mat,10,gaussian,7,q1,0.865627117266299,88834.52685204071,102624.47314795929
WW182S175G0.mat,10,gaussian,7,avg_min_intensity,0.5139585181091562,57072.30344201045,111044.57155798955
WW182S175G0.mat,10,gaussian,9,q1,0.8862019837789946,90419.98082480366,102030.89417519633
WW182S175G0.mat,10,gaussian,9,avg_min_intensity,0.4521919856172828,46069.14216212072,101879.60783787927
WW182S175G0.mat,10,gaussian,11,q1,0.7515975882610131,76649.13550294837,101981.61449705162
WW182S175G0.mat,10,gaussian,11,avg_min_intensity,0.4948204726133477,50419.1587056565,101893.8412943435
WW182S175G0.mat,10,gaussian,13,q1,0.9331305869643336,96248.35565265367,103145.64434734632
WW182S175G0.mat,10,gaussian,13,avg_min_intensity,0.5865308806985347,59780.52965922491,101922.22034077508
WW182S175G0.mat,10,gaussian,15,q1,0.9183923145626752,94696.18241673998,103110.81758326004
WW182S175G0.mat,10,gaussian,15,avg_min_intensity,0.5155034073535022,52529.52603598118,101899.4739640188
WW182S175G0.mat,10,gaussian,17,q1,0.9095996498928948,97182.16170630023,106840.58829369978
WW182S175G0.mat,10,gaussian,17,avg_min_intensity,0.5823782676367825,59367.03679564308,101938.9632043569
WW182S175G0.mat,10,gaussian,19,q1,0.9598482933514695,98690.81716651413,102819.18283348587
WW182S175G0.mat,10,gaussian,19,avg_min_intensity,0.48429038364347465,49351.08573443987,101903.91426556013
WW182S175G0.mat,10,gaussian,21,q1,0.8527778376126047,91714.18225881924,107547.56774118076
WW182S175G0.mat,10,gaussian,21,avg_min_intensity,0.6238516956986745,63596.42464648471,101941.57535351528
WW182S175G0.mat,10,gaussian,23,q1,0.926937815097541,95566.9694514666,103099.65554853338
WW182S175G0.mat,10,gaussian,23,avg_min_intensity,0.6665094822758582,67951.2849397988,101950.9650602012
WW182S175G0.mat,10,gaussian,25,q1,0.9255069372078033,101783.46636625892,109975.90863374107
WW182S175G0.mat,10,gaussian,25,avg_min_intensity,0.6640992830365308,70099.44885099227,105555.67614900773
WW182S175G0.mat,10,gaussian,27,q1,0.9210118519772645,98894.77544017295,107376.22455982705
WW182S175G0.mat,10,gaussian,27,avg_min_intensity,0.672948321734453,68609.66330098837,101953.83669901165
WW182S175G0.mat,10,gaussian,29,q1,0.726508453948402,78339.23549798164,107829.76450201837
WW182S175G0.mat,10,gaussian,29,avg_min_intensity,0.740033874728759,75465.18642878583,101975.31357121418
WW182S175G0.mat,10,gaussian,31,q1,0.9306034498771225,97643.29367934525,104924.70632065478
WW182S175G0.mat,10,gaussian,31,avg_min_intensity,0.7477469002300093,76254.70312552474,101979.29687447524
WW172S050G0.mat,10,gaussian,3,q1,0.7071655692803771,73083.6720226843,103347.3279773157
WW172S050G0.mat,10,gaussian,3,avg_min_intensity,0.7196748405467712,81307.14201323251,112977.60798676749
WW172S050G0.mat,10,gaussian,5,q1,0.6765611931155536,69916.30434782608,103340.6956521739
WW172S050G0.mat,10,gaussian,5,avg_min_intensity,0.5228845135802672,61940.075614366724,118458.42438563328
WW172S050G0.mat,10,gaussian,7,q1,0.6944026974822308,71763.2325141777,103345.26748582232
WW172S050G0.mat,10,gaussian,7,avg_min_intensity,0.6944430639324395,74258.92927203339,106933.07072796661
WW172S050G0.mat,10,gaussian,9,q1,0.7062349674101681,72999.9350189036,103364.93998109641
WW172S050G0.mat,10,gaussian,9,avg_min_intensity,0.583273046713518,67725.0,116112.0
WW172S050G0.mat,10,gaussian,11,q1,0.6313719300400801,65211.15311909263,103284.84688090737
WW172S050G0.mat,10,gaussian,11,avg_min_intensity,0.3112086665922114,36225.0,116401.0
WW172S050G0.mat,10,gaussian,13,q1,0.6319858267503315,65608.50161085275,103813.24838914725
WW172S050G0.mat,10,gaussian,13,avg_min_intensity,0.6162876248535876,63642.1077504726,103266.89224952742
WW172S050G0.mat,10,gaussian,15,q1,0.6120385720117927,63570.75829309676,103867.24170690322
WW172S050G0.mat,10,gaussian,15,avg_min_intensity,0.5964125888194582,61565.92627599243,103227.07372400757
WW172S050G0.mat,10,gaussian,17,q1,0.6462295752527897,66766.30434782608,103316.6956521739
WW172S050G0.mat,10,gaussian,17,avg_min_intensity,0.6738961624830551,69645.28893800487,103347.21106199516
WW172S050G0.mat,10,gaussian,19,q1,0.6126976280827825,63713.6944857455,103988.80551425449
WW172S050G0.mat,10,gaussian,19,avg_min_intensity,0.553430738896388,58803.96975425331,106253.53024574669
WW172S050G0.mat,10,gaussian,21,q1,0.5763851430037763,60278.63860575271,104580.4863942473
WW172S050G0.mat,10,gaussian,21,avg_min_intensity,0.6239240645007115,64432.585066162574,103269.91493383744
WW172S050G0.mat,10,gaussian,23,q1,0.6399993151245031,66373.81034885196,103709.18965114804
WW172S050G0.mat,10,gaussian,23,avg_min_intensity,0.608372501468216,62833.76654064272,103281.73345935727
WW172S050G0.mat,10,gaussian,25,q1,0.5543864325465221,57241.995510396984,103252.87948960303
WW172S050G0.mat,10,gaussian,25,avg_min_intensity,0.6664842301809014,68868.28922495274,103330.71077504725
WW172S050G0.mat,10,gaussian,27,q1,0.5828801719296074,60220.765783290655,103315.85921670934
WW172S050G0.mat,10,gaussian,27,avg_min_intensity,0.6391325972727083,66009.56994328921,103279.93005671077
WW172S050G0.mat,10,gaussian,29,q1,0.4098532014291148,42274.03709829868,103144.33790170134
WW172S050G0.mat,10,gaussian,29,avg_min_intensity,0.6212842191619017,65379.37145557656,105232.62854442344
WW172S050G0.mat,10,gaussian,31,q1,0.35456150200663183,36557.96313799622,103107.53686200379
WW172S050G0.mat,10,gaussian,31,avg_min_intensity,0.5952031110638689,62178.49260307243,104466.00739692757
WW141S125GN10.mat,10,gaussian,3,q1,0.347647995273903,34634.96512528147,99626.5348747185
WW141S125GN10.mat,10,gaussian,3,avg_min_intensity,0.697685383898707,60720.151174116705,87030.84882588327
WW141S125GN10.mat,10,gaussian,5,q1,0.31840003236949893,31865.87366472995,100081.25133527006
WW141S125GN10.mat,10,gaussian,5,avg_min_intensity,0.6715944859745093,59866.51203936908,89140.8629606309
WW141S125GN10.mat,10,gaussian,7,q1,0.3748666098689609,36228.681267879205,96644.1937321208
WW141S125GN10.mat,10,gaussian,7,avg_min_intensity,0.6694541639027141,54846.72365195083,81927.52634804917
WW141S125GN10.mat,10,gaussian,9,q1,0.3939523610413997,39532.83838916038,100349.28661083961
WW141S125GN10.mat,10,gaussian,9,avg_min_intensity,0.5686622064779775,47808.72525826038,84072.27474173962
WW141S125GN10.mat,10,gaussian,11,q1,0.3774918775527052,37427.64971779729,99148.22528220271
WW141S125GN10.mat,10,gaussian,11,avg_min_intensity,0.753590670895318,62244.40228274918,82597.09771725081
WW141S125GN10.mat,10,gaussian,13,q1,0.25860062316295906,25833.621347195116,99897.7536528049
WW141S125GN10.mat,10,gaussian,13,avg_min_intensity,0.4796170479920427,39834.07725237504,83053.92274762495
WW141S125GN10.mat,10,gaussian,15,q1,0.21229404348153952,21739.86706108886,102404.50793891113
WW141S125GN10.mat,10,gaussian,15,avg_min_intensity,0.5345486299106624,43728.489179571836,81804.51082042817
WW141S125GN10.mat,10,gaussian,17,q1,0.314019995736745,31879.92294994447,101521.95205005554
WW141S125GN10.mat,10,gaussian,17,avg_min_intensity,0.6171465484382016,51288.26390178954,83105.48609821047
WW141S125GN10.mat,10,gaussian,19,q1,0.21644481825180492,22618.75334033765,104501.24665966234
WW141S125GN10.mat,10,gaussian,19,avg_min_intensity,0.48051750118311226,39412.436397350815,82020.8136026492
WW141S125GN10.mat,10,gaussian,21,q1,0.24689471912356353,25589.719349425603,103646.2806505744
WW141S125GN10.mat,10,gaussian,21,avg_min_intensity,0.6273203222930134,52037.24393464785,82951.63106535215
WW141S125GN10.mat,10,gaussian,23,q1,0.2538090142514519,26669.947325530047,105078.80267446996
WW141S125GN10.mat,10,gaussian,23,avg_min_intensity,0.5029796661097874,41036.5678777641,81586.9321222359
WW141S125GN10.mat,10,gaussian,25,q1,0.1940982899352331,20071.935116546083,103411.18988345392
WW141S125GN10.mat,10,gaussian,25,avg_min_intensity,0.5191414872160757,42627.66180078582,82111.83819921418
WW141S125GN10.mat,10,gaussian,27,q1,0.22751886811437472,22630.041105325166,99464.45889467483
WW141S125GN10.mat,10,gaussian,27,avg_min_intensity,0.49359476624088916,40698.74294114741,82453.75705885259
WW141S125GN10.mat,10,gaussian,29,q1,0.16400043728642666,16773.79357834998,102278.95642165003
WW141S125GN10.mat,10,gaussian,29,avg_min_intensity,0.5208779697564193,42540.23948600669,81670.26051399331
WW141S125GN10.mat,10,gaussian,31,q1,0.19736602696194158,20343.255446595507,103073.74455340448
WW141S125GN10.mat,10,gaussian,31,avg_min_intensity,0.4799663321722922,38717.09739301601,80666.27760698399
WW182S075G0.mat,10,gaussian,3,q1,0.6501723902120747,68270.86845821454,105004.25654178546
WW182S075G0.mat,10,gaussian,3,avg_min_intensity,0.6386648208055116,71064.2406088356,111270.00939116439
WW182S075G0.mat,10,gaussian,5,q1,0.8556933237584542,89931.93041075194,105098.31958924807
WW182S075G0.mat,10,gaussian,5,avg_min_intensity,0.5523815869403956,57868.03055270895,104760.96944729108
WW182S075G0.mat,10,gaussian,7,q1,0.9155918886917294,96252.38723727287,105125.86276272712
WW182S075G0.mat,10,gaussian,7,avg_min_intensity,0.5592467152616614,58590.16103200281,104766.21396799719
WW182S075G0.mat,10,gaussian,9,q1,0.8374409921808885,87953.66893367433,105026.70606632569
WW182S075G0.mat,10,gaussian,9,avg_min_intensity,0.5226466951457807,64901.14534547866,124177.85465452132
WW182S075G0.mat,10,gaussian,11,q1,0.8923597666532395,93776.86753995436,105088.63246004563
WW182S075G0.mat,10,gaussian,11,avg_min_intensity,0.5891110906500856,71320.55469207311,121064.69530792689
WW182S075G0.mat,10,gaussian,13,q1,0.8304996998868516,87825.41437476584,105750.08562523418
WW182S075G0.mat,10,gaussian,13,avg_min_intensity,0.5376238458202997,56330.79246972099,104777.332530279
WW182S075G0.mat,10,gaussian,15,q1,0.9217277685108719,97507.80328080327,105788.07171919673
WW182S075G0.mat,10,gaussian,15,avg_min_intensity,0.61560185257054,66931.0498699832,108724.57513001679
WW182S075G0.mat,10,gaussian,17,q1,0.8822387601458173,93986.64338016247,106531.98161983755
WW182S075G0.mat,10,gaussian,17,avg_min_intensity,0.5509153399676788,57722.01097176495,104774.73902823507
WW182S075G0.mat,10,gaussian,19,q1,0.9410248308155414,98944.21056938848,105145.1644306115
WW182S075G0.mat,10,gaussian,19,avg_min_intensity,0.5673150341901647,59440.63804805472,104775.36195194528
WW182S075G0.mat,10,gaussian,21,q1,0.9236672443671946,97900.21568060928,105990.78431939072
WW182S075G0.mat,10,gaussian,21,avg_min_intensity,0.6247299807223525,65482.390682989,104817.109317011
WW182S075G0.mat,10,gaussian,23,q1,0.914997374749213,97167.59854468094,106194.40145531905
WW182S075G0.mat,10,gaussian,23,avg_min_intensity,0.7040142850735805,73856.22218790064,104907.27781209938
WW182S075G0.mat,10,gaussian,25,q1,0.9145881485227754,96702.67478895932,105733.57521104069
WW182S075G0.mat,10,gaussian,25,avg_min_intensity,0.6807516602674711,72698.84900168196,106792.02599831804
WW182S075G0.mat,10,gaussian,27,q1,0.8926156976210596,96067.69868451328,107624.92631548668
WW182S075G0.mat,10,gaussian,27,avg_min_intensity,0.7207701323794522,75625.57838841829,104923.29661158173
WW182S075G0.mat,10,gaussian,29,q1,0.8152920810427023,86018.84347424805,105506.78152575194
WW182S075G0.mat,10,gaussian,29,avg_min_intensity,0.7314188230714957,76745.75906951477,104927.2409304852
WW182S075G0.mat,10,gaussian,31,q1,0.8775724668573375,92269.2689202182,105141.4810797818
WW182S075G0.mat,10,gaussian,31,avg_min_intensity,0.7323445197800447,77137.27829116363,105329.22170883638
WW141S150G0.mat,10,gaussian,3,q1,0.44162918529422013,44452.052189907205,100654.6978100928
WW141S150G0.mat,10,gaussian,3,avg_min_intensity,0.4996961328699431,51499.99676996241,103062.62823003759
WW141S150G0.mat,10,gaussian,5,q1,0.3438678913520374,34050.36189380264,99021.63810619737
WW141S150G0.mat,10,gaussian,5,avg_min_intensity,0.6993792428203873,62848.237922156295,89862.8870778437
WW141S150G0.mat,10,gaussian,7,q1,0.40971777817962857,40828.26714254854,99649.73285745145
WW141S150G0.mat,10,gaussian,7,avg_min_intensity,0.5385257301223275,48083.26920651401,89286.85579348599
WW141S150G0.mat,10,gaussian,9,q1,0.29227865473916176,30695.533072347604,105021.46692765238
WW141S150G0.mat,10,gaussian,9,avg_min_intensity,0.5270988923746118,46205.49273495541,87660.00726504457
WW141S150G0.mat,10,gaussian,11,q1,0.30768137614346375,32492.64661647247,105604.85338352752
WW141S150G0.mat,10,gaussian,11,avg_min_intensity,0.7506751356380597,66190.12399703963,88174.12600296036
WW141S150G0.mat,10,gaussian,13,q1,0.3748882024059005,37636.75763514041,100394.61736485959
WW141S150G0.mat,10,gaussian,13,avg_min_intensity,0.47339491276232326,41459.42798295171,87578.9470170483
WW141S150G0.mat,10,gaussian,15,q1,0.9001168606313951,79389.80633825,88199.44366174999
WW141S150G0.mat,10,gaussian,15,avg_min_intensity,0.4727470376653165,41399.675279731506,87572.57472026847
WW141S150G0.mat,10,gaussian,17,q1,0.38660599486359143,37692.38805199364,97495.61194800634
WW141S150G0.mat,10,gaussian,17,avg_min_intensity,0.6951501651825643,61132.630984822674,87941.61901517735
WW141S150G0.mat,10,gaussian,19,q1,0.445392708733917,43552.69489349362,97784.93010650636
WW141S150G0.mat,10,gaussian,19,avg_min_intensity,0.3764268265220647,32920.56998330647,87455.43001669354
WW141S150G0.mat,10,gaussian,21,q1,0.15629097527884842,16520.975765886782,105706.52423411323
WW141S150G0.mat,10,gaussian,21,avg_min_intensity,0.580809827029257,50957.451148861524,87735.17385113848
WW141S150G0.mat,10,gaussian,23,q1,0.33889798546568617,34569.88028711071,102006.74471288928
WW141S150G0.mat,10,gaussian,23,avg_min_intensity,0.31554419372767434,27572.611040105716,87381.13895989429
WW141S150G0.mat,10,gaussian,25,q1,0.6969107844036354,72195.35450998346,103593.39549001654
WW141S150G0.mat,10,gaussian,25,avg_min_intensity,0.38775842501406393,33930.2977625091,87503.70223749091
WW141S150G0.mat,10,gaussian,27,q1,0.14529750850370496,15271.431880169333,105104.56811983067
WW141S150G0.mat,10,gaussian,27,avg_min_intensity,0.3830870292500383,33524.861090076556,87512.38890992341
WW141S150G0.mat,10,gaussian,29,q1,0.8326342003998415,76021.88663343545,91302.86336656455
WW141S150G0.mat,10,gaussian,29,avg_min_intensity,0.39318591372709094,34420.484102949995,87542.51589705002
WW141S150G0.mat,10,gaussian,31,q1,0.18264123610833066,19121.296161250615,104693.20383874938
WW141S150G0.mat,10,gaussian,31,avg_min_intensity,0.48842767550671023,42821.330698287755,87671.79430171225
WW172S175G0.mat,10,gaussian,3,q1,0.6684044620553644,68010.69324966021,101750.80675033979
WW172S175G0.mat,10,gaussian,3,avg_min_intensity,0.6823724355722838,69445.53242297415,101770.71757702583
WW172S175G0.mat,10,gaussian,5,q1,0.595073450454231,60520.566682311095,101702.6833176889
WW172S175G0.mat,10,gaussian,5,avg_min_intensity,0.7008769260626795,71533.66281246603,102063.08718753394
WW172S175G0.mat,10,gaussian,7,q1,0.678212681278824,69032.93748288632,101786.56251711369
WW172S175G0.mat,10,gaussian,7,avg_min_intensity,0.29814760693388564,37227.69544648688,124863.30455351311
WW172S175G0.mat,10,gaussian,9,q1,0.615375831745416,62604.87539168907,101734.37460831094
WW172S175G0.mat,10,gaussian,9,avg_min_intensity,0.32514459125290096,37759.6446418626,116131.8553581374
WW172S175G0.mat,10,gaussian,11,q1,0.5906768152991319,60092.13231226326,101734.36768773677
WW172S175G0.mat,10,gaussian,11,avg_min_intensity,0.3798746990872359,39598.78870900518,104241.71129099482
WW172S175G0.mat,10,gaussian,13,q1,0.6061518528407029,61671.252085532564,101742.24791446741
WW172S175G0.mat,10,gaussian,13,avg_min_intensity,0.6173563179271793,62805.17236960304,101732.45263039695
WW172S175G0.mat,10,gaussian,15,q1,0.6508832822082207,66279.02291210537,101829.3520878946
WW172S175G0.mat,10,gaussian,15,avg_min_intensity,0.49139093542991025,49920.60113095683,101590.39886904319
WW172S175G0.mat,10,gaussian,17,q1,0.6206375334696315,63390.99180093527,102138.50819906473
WW172S175G0.mat,10,gaussian,17,avg_min_intensity,0.5123660723449459,56885.293038904885,111024.70696109511
WW172S175G0.mat,10,gaussian,19,q1,0.6477534194635951,65929.63321715401,101781.99178284596
WW172S175G0.mat,10,gaussian,19,avg_min_intensity,0.5788185788360825,58867.41694194461,101702.70805805539
WW172S175G0.mat,10,gaussian,21,q1,0.5944289211893798,60479.454560697515,101743.79543930247
WW172S175G0.mat,10,gaussian,21,avg_min_intensity,0.571324542353567,58935.35288128557,103155.64711871443
WW172S175G0.mat,10,gaussian,23,q1,0.5738949803187585,59176.15777178839,103113.21722821164
WW172S175G0.mat,10,gaussian,23,avg_min_intensity,0.4605124015928676,46771.96033431805,101565.03966568194
WW172S175G0.mat,10,gaussian,25,q1,0.5795969764867586,58966.060362690274,101736.31463730973
WW172S175G0.mat,10,gaussian,25,avg_min_intensity,0.6679399352544395,67982.35531269244,101779.14468730755
WW172S175G0.mat,10,gaussian,27,q1,0.779287783616937,79390.95338904936,101876.29661095061
WW172S175G0.mat,10,gaussian,27,avg_min_intensity,0.6429289364453296,65423.73495225435,101758.89004774566
WW172S175G0.mat,10,gaussian,29,q1,0.7325241208181512,74739.99159617275,102030.75840382726
WW172S175G0.mat,10,gaussian,29,avg_min_intensity,0.4160126944349576,44046.4181186982,105877.58188130178
WW172S175G0.mat,10,gaussian,31,q1,0.640785150395839,65213.30822879059,101770.9417712094
WW172S175G0.mat,10,gaussian,31,avg_min_intensity,0.6654296175652189,67723.26053222425,101773.73946777575
WW141S125GP10.mat,10,gaussian,3,q1,0.43701009737578994,45882.9247752342,104992.82522476581
WW141S125GP10.mat,10,gaussian,3,avg_min_intensity,0.8767470881327792,77619.44994150703,88531.17505849295
WW141S125GP10.mat,10,gaussian,5,q1,0.37048160329954327,38069.0839181254,102755.6660818746
WW141S125GP10.mat,10,gaussian,5,avg_min_intensity,0.6884299487078301,62299.02247034126,90494.35252965873
WW141S125GP10.mat,10,gaussian,7,q1,0.430084492614188,41755.12799938886,97085.87200061117
WW141S125GP10.mat,10,gaussian,7,avg_min_intensity,0.47527080062379323,41575.98422823017,87478.51577176983
WW141S125GP10.mat,10,gaussian,9,q1,0.4849171945413256,45750.447430564374,94346.92756943563
WW141S125GP10.mat,10,gaussian,9,avg_min_intensity,0.6029536461954205,53866.88994205641,89338.3600579436
WW141S125GP10.mat,10,gaussian,11,q1,0.3803910805648783,36128.12019375337,94976.25480624662
WW141S125GP10.mat,10,gaussian,11,avg_min_intensity,0.8019670979649242,75799.5134288527,94516.9865711473
WW141S125GP10.mat,10,gaussian,13,q1,0.35801863993134364,36533.34983601852,102043.15016398148
WW141S125GP10.mat,10,gaussian,13,avg_min_intensity,0.5200789565361404,46145.5431921897,88727.95680781027
WW141S125GP10.mat,10,gaussian,15,q1,0.5444155308278678,52951.4920843265,97263.00791567352
WW141S125GP10.mat,10,gaussian,15,avg_min_intensity,0.4135825182858267,36172.02153741121,87460.22846258878
WW141S125GP10.mat,10,gaussian,17,q1,0.4299480324953124,45205.341652705494,105141.40834729452
WW141S125GP10.mat,10,gaussian,17,avg_min_intensity,0.5661525737951221,49568.498615478304,87553.25138452172
WW141S125GP10.mat,10,gaussian,19,q1,0.6452935503899936,57981.34120549002,89852.65879450997
WW141S125GP10.mat,10,gaussian,19,avg_min_intensity,0.3779488002340895,33039.72619161449,87418.52380838551
WW141S125GP10.mat,10,gaussian,21,q1,0.4239805586501584,41102.70734717045,96944.79265282956
WW141S125GP10.mat,10,gaussian,21,avg_min_intensity,0.5337153310642948,46750.34397968168,87594.15602031832
WW141S125GP10.mat,10,gaussian,23,q1,0.74968167059844,67421.92648011232,89934.07351988768
WW141S125GP10.mat,10,gaussian,23,avg_min_intensity,0.5378161257813048,47099.554200482744,87575.57079951727
WW141S125GP10.mat,10,gaussian,25,q1,0.2509623310591121,27323.017482060142,108872.98251793985
WW141S125GP10.mat,10,gaussian,25,avg_min_intensity,0.400507178342064,35015.10073558623,87426.89926441378
WW141S125GP10.mat,10,gaussian,27,q1,0.3389510701054276,36218.46050683198,106854.53949316803
WW141S125GP10.mat,10,gaussian,27,avg_min_intensity,0.45668450576359637,39962.27872823166,87505.22127176833
WW141S125GP10.mat,10,gaussian,29,q1,0.3912458565815188,40420.91445974208,103313.33554025793
WW141S125GP10.mat,10,gaussian,29,avg_min_intensity,0.4216682809341904,36885.193258242194,87474.43174175781
WW141S125GP10.mat,10,gaussian,31,q1,0.21770301125038669,23167.158081835223,106416.34191816478
WW141S125GP10.mat,10,gaussian,31,avg_min_intensity,0.4116877632291285,36016.06536738468,87483.9346326153
WW182S150G0.mat,10,gaussian,3,q1,0.6173634020083023,63031.2561436673,102097.4938563327
WW182S150G0.mat,10,gaussian,3,avg_min_intensity,0.8091642154643,84443.09052773083,104358.40947226915
WW182S150G0.mat,10,gaussian,5,q1,0.8680979849351894,88841.54380244527,102340.45619755473
WW182S150G0.mat,10,gaussian,5,avg_min_intensity,0.7207628062355655,75010.34641793174,104070.77858206829
WW182S150G0.mat,10,gaussian,7,q1,0.9496532514418191,97277.43572778828,102434.68927221172
WW182S150G0.mat,10,gaussian,7,avg_min_intensity,0.44819651348507233,45988.84253099297,102608.65746900703
WW182S150G0.mat,10,gaussian,9,q1,0.8464772738994351,86673.18819965443,102392.81180034557
WW182S150G0.mat,10,gaussian,9,avg_min_intensity,0.5667852847548029,57869.58153726854,102101.41846273145
WW182S150G0.mat,10,gaussian,11,q1,0.8160149440926565,84301.9404536862,103309.3095463138
WW182S150G0.mat,10,gaussian,11,avg_min_intensity,0.6208346472590135,64541.646292562735,103959.47870743726
WW182S150G0.mat,10,gaussian,13,q1,0.8981502565856504,92839.76116096119,103367.7388390388
WW182S150G0.mat,10,gaussian,13,avg_min_intensity,0.5776442460173598,58959.72778827978,102069.27221172022
WW182S150G0.mat,10,gaussian,15,q1,0.8730484455023517,92317.47448015123,105741.52551984877
WW182S150G0.mat,10,gaussian,15,avg_min_intensity,0.5594903222724334,57107.293005671076,102070.20699432892
WW182S150G0.mat,10,gaussian,17,q1,0.9031624479607022,95339.98582230625,105562.38917769377
WW182S150G0.mat,10,gaussian,17,avg_min_intensity,0.5176786859025413,53257.748582230626,102878.00141776937
WW182S150G0.mat,10,gaussian,19,q1,0.9081094945524073,95141.61720226842,104768.88279773157
WW182S150G0.mat,10,gaussian,19,avg_min_intensity,0.6209689781362241,63410.344045368605,102115.15595463138
WW182S150G0.mat,10,gaussian,21,q1,0.9326077145352347,96852.60869565218,103851.39130434782
WW182S150G0.mat,10,gaussian,21,avg_min_intensity,0.6877603111465697,70253.81285444234,102148.68714555766
WW182S150G0.mat,10,gaussian,23,q1,0.8881718734355631,93630.98298676749,105419.89201323251
WW182S150G0.mat,10,gaussian,23,avg_min_intensity,0.6653680284133978,67955.67013232515,102132.45486767485
WW182S150G0.mat,10,gaussian,25,q1,0.9497480395107227,98957.35444234405,104193.27055765595
WW182S150G0.mat,10,gaussian,25,avg_min_intensity,0.7421799303991906,77839.05103969754,104878.94896030246
WW182S150G0.mat,10,gaussian,27,q1,0.9149930910875455,96782.01134215502,105773.488657845
WW182S150G0.mat,10,gaussian,27,avg_min_intensity,0.7662010528163683,79552.31041824337,103826.93958175661
WW182S150G0.mat,10,gaussian,29,q1,0.9360586951044175,100138.86578449905,106979.25921550095
WW182S150G0.mat,10,gaussian,29,avg_min_intensity,0.7157567753461673,73189.51755716716,102254.73244283284
WW182S150G0.mat,10,gaussian,31,q1,0.931048820635406,100530.8418966557,107975.9081033443
WW182S150G0.mat,10,gaussian,31,avg_min_intensity,0.7846692507222488,80336.00404973933,102381.99595026065
WW141S075G0.mat,10,gaussian,3,q1,0.4596798463832404,43810.75998796299,95307.115012037
WW141S075G0.mat,10,gaussian,3,avg_min_intensity,0.6056872691986467,56044.05704543795,92529.69295456205
WW141S075G0.mat,10,gaussian,5,q1,0.4374169004846415,40966.30878044263,93655.06621955737
WW141S075G0.mat,10,gaussian,5,avg_min_intensity,0.8171489977260376,71153.13701517874,87074.86298482126
WW141S075G0.mat,10,gaussian,7,q1,0.6092947067580711,53247.20548711387,87391.54451288613
WW141S075G0.mat,10,gaussian,7,avg_min_intensity,0.8197642819111852,70474.00447311613,85968.62052688387
WW141S075G0.mat,10,gaussian,9,q1,0.4826598222439616,44943.522261007936,93116.35273899206
WW141S075G0.mat,10,gaussian,9,avg_min_intensity,0.6851026997179855,65001.96717373974,94879.15782626026
WW141S075G0.mat,10,gaussian,11,q1,0.6179303320409636,53158.04619738839,86025.9538026116
WW141S075G0.mat,10,gaussian,11,avg_min_intensity,0.6472709289837424,54482.44674214521,84172.5532578548
WW141S075G0.mat,10,gaussian,13,q1,0.5130022651945447,46474.61282990509,90593.38717009491
WW141S075G0.mat,10,gaussian,13,avg_min_intensity,0.7531209476209603,63456.3188284106,84257.8061715894
WW141S075G0.mat,10,gaussian,15,q1,0.37027022454924446,34357.88102617134,92791.36897382866
WW141S075G0.mat,10,gaussian,15,avg_min_intensity,0.6287295573131897,52937.135767348416,84196.98923265157
WW141S075G0.mat,10,gaussian,17,q1,0.3398768235066275,34299.387599980066,100917.11240001993
WW141S075G0.mat,10,gaussian,17,avg_min_intensity,0.644559512424246,54551.003171062635,84632.99682893738
WW141S075G0.mat,10,gaussian,19,q1,0.35517148327024095,34069.24806595514,95923.37693404488
WW141S075G0.mat,10,gaussian,19,avg_min_intensity,0.6815840407319301,57406.095289101024,84224.52971089898
WW141S075G0.mat,10,gaussian,21,q1,0.29648602605946217,29288.744363083515,98786.2556369165
WW141S075G0.mat,10,gaussian,21,avg_min_intensity,0.5677425493268431,47746.053504389194,84098.0714956108
WW141S075G0.mat,10,gaussian,23,q1,0.2920415709183827,28963.878784216606,99177.2462157834
WW141S075G0.mat,10,gaussian,23,avg_min_intensity,0.5474219244141986,46735.25467631673,85373.37032368327
WW141S075G0.mat,10,gaussian,25,q1,0.2927310968371359,29361.171531312357,100300.82846868764
WW141S075G0.mat,10,gaussian,25,avg_min_intensity,0.4857589012607332,41894.88081376864,86246.24418623136
WW141S075G0.mat,10,gaussian,27,q1,0.3084055605813329,30671.862172551686,99453.01282744831
WW141S075G0.mat,10,gaussian,27,avg_min_intensity,0.5875021884539624,49869.56878888136,84884.05621111864
WW141S075G0.mat,10,gaussian,29,q1,0.35503595465675436,36000.11632736142,101398.50867263858
WW141S075G0.mat,10,gaussian,29,avg_min_intensity,0.6422042451021461,55722.57148195,86767.67851805
WW141S075G0.mat,10,gaussian,31,q1,0.24380909191972544,23860.69496107834,97866.30503892167
WW141S075G0.mat,10,gaussian,31,avg_min_intensity,0.5297821765776243,44537.1295859987,84066.87041400131
WW141S175G0.mat,10,gaussian,3,q1,0.3981754309281185,40376.66501049612,101404.20998950387
WW141S175G0.mat,10,gaussian,3,avg_min_intensity,0.6892594514390988,64811.090202987914,94030.03479701206
WW141S175G0.mat,10,gaussian,5,q1,0.5889327511870514,54437.813956632046,92434.68604336798
WW141S175G0.mat,10,gaussian,5,avg_min_intensity,0.6299978159332389,55693.13768336495,88402.11231663503
WW141S175G0.mat,10,gaussian,7,q1,0.7794031088699206,69082.22173429024,88634.77826570974
WW141S175G0.mat,10,gaussian,7,avg_min_intensity,0.6468072867804053,57192.83092732975,88423.29407267027
WW141S175G0.mat,10,gaussian,9,q1,0.31340581151127817,32017.290086341236,102159.20991365875
WW141S175G0.mat,10,gaussian,9,avg_min_intensity,0.49641210051190465,44554.89813389,89753.85186611
WW141S175G0.mat,10,gaussian,11,q1,0.4119875543088388,42854.23188439087,104018.26811560913
WW141S175G0.mat,10,gaussian,11,avg_min_intensity,0.5447744583277226,48111.04875737006,88313.70124262995
WW141S175G0.mat,10,gaussian,13,q1,0.5754423815384566,53284.01422611429,92596.6107738857
WW141S175G0.mat,10,gaussian,13,avg_min_intensity,0.43913911052935733,38763.477761074246,88271.52223892577
WW141S175G0.mat,10,gaussian,15,q1,0.6037960527265008,60447.66133728546,100112.71366271454
WW141S175G0.mat,10,gaussian,15,avg_min_intensity,0.6569159189323094,58073.10486494289,88402.64513505712
WW141S175G0.mat,10,gaussian,17,q1,0.2863846978009223,31343.512782467693,109445.4872175323
WW141S175G0.mat,10,gaussian,17,avg_min_intensity,0.5253870451441649,46396.43743859026,88309.06256140974
WW141S175G0.mat,10,gaussian,19,q1,0.3513998643592703,36196.21786903992,103005.78213096008
WW141S175G0.mat,10,gaussian,19,avg_min_intensity,0.4554353256206053,40227.74888063217,88328.12611936781
WW141S175G0.mat,10,gaussian,21,q1,0.4137021866795753,41819.35314558912,101085.6468544109
WW141S175G0.mat,10,gaussian,21,avg_min_intensity,0.5243768767402041,46337.917117176235,88367.58288282374
WW141S175G0.mat,10,gaussian,23,q1,0.3256054585738342,33493.45941241802,102865.16558758199
WW141S175G0.mat,10,gaussian,23,avg_min_intensity,0.42944780461880655,37926.62792695845,88314.87207304157
WW141S175G0.mat,10,gaussian,25,q1,0.604068258601484,56256.264248332314,93128.98575166769
WW141S175G0.mat,10,gaussian,25,avg_min_intensity,0.5246341882570837,46352.830856465116,88352.66914353489
WW141S175G0.mat,10,gaussian,27,q1,0.41360071397420434,40922.12142148666,98941.12857851332
WW141S175G0.mat,10,gaussian,27,avg_min_intensity,0.5242173197791954,46328.666688911515,88376.83331108847
WW141S175G0.mat,10,gaussian,29,q1,0.4674359369197891,43246.00292617652,92517.49707382348
WW141S175G0.mat,10,gaussian,29,avg_min_intensity,0.48894467694811916,43192.757777824685,88338.74222217532
WW141S175G0.mat,10,gaussian,31,q1,0.33623675101389283,33197.055920884035,98731.19407911594
WW141S175G0.mat,10,gaussian,31,avg_min_intensity,0.5947980719064508,52804.80300244237,88777.6969975576
WW182S125GP10.mat,10,gaussian,3,q1,0.9151972702278665,98416.46076221761,107535.78923778237
WW182S125GP10.mat,10,gaussian,3,avg_min_intensity,0.653634260672566,70037.29206037577,107150.58293962425
WW182S125GP10.mat,10,gaussian,5,q1,0.8829990188279508,94748.17702739881,107302.69797260119
WW182S125GP10.mat,10,gaussian,5,avg_min_intensity,0.6174012779821698,67384.49224477535,109142.13275522467
WW182S125GP10.mat,10,gaussian,7,q1,0.885385674025079,95567.16561543323,107938.45938456674
WW182S125GP10.mat,10,gaussian,7,avg_min_intensity,0.49179964256537617,52658.269240879104,107072.60575912091
WW182S125GP10.mat,10,gaussian,9,q1,0.9052938796298841,97480.4793702463,107678.27062975368
WW182S125GP10.mat,10,gaussian,9,avg_min_intensity,0.3894709637306516,41677.487451554174,107010.51254844581
WW182S125GP10.mat,10,gaussian,11,q1,0.8479480930164158,92288.12586562369,108836.99913437631
WW182S125GP10.mat,10,gaussian,11,avg_min_intensity,0.47073259128548667,50404.95096657623,107077.67403342375
WW182S125GP10.mat,10,gaussian,13,q1,0.8562643708530312,93172.25907922692,108812.49092077307
WW182S125GP10.mat,10,gaussian,13,avg_min_intensity,0.5760227139038984,61715.45785711744,107140.66714288256
WW182S125GP10.mat,10,gaussian,15,q1,0.8755931708143592,94880.13917291084,108360.98582708917
WW182S125GP10.mat,10,gaussian,15,avg_min_intensity,0.3811967929030606,40799.18425789888,107029.1907421011
WW182S125GP10.mat,10,gaussian,17,q1,0.9312295387802345,100552.699436093,107978.425563907
WW182S125GP10.mat,10,gaussian,17,avg_min_intensity,0.5013825580300373,53695.000663954066,107093.87433604593
WW182S125GP10.mat,10,gaussian,19,q1,0.9308939252062824,100438.29382072373,107894.45617927628
WW182S125GP10.mat,10,gaussian,19,avg_min_intensity,0.5726140552382711,61362.8433782733,107162.65662172671
WW182S125GP10.mat,10,gaussian,21,q1,0.9180779089796265,99654.07494328376,108546.42505671622
WW182S125GP10.mat,10,gaussian,21,avg_min_intensity,0.5850205619884105,62689.76869798746,107158.23130201256
WW182S125GP10.mat,10,gaussian,23,q1,0.9112901908354076,99268.58531832759,108931.91468167241
WW182S125GP10.mat,10,gaussian,23,avg_min_intensity,0.6045455130572266,64790.97274672641,107173.02725327358
WW182S125GP10.mat,10,gaussian,25,q1,0.9644545509305885,105463.05352338632,109349.94647661367
WW182S125GP10.mat,10,gaussian,25,avg_min_intensity,0.6207447461482951,67077.80087474229,108060.19912525766
WW182S125GP10.mat,10,gaussian,27,q1,0.9557520025945969,106721.45861015028,111662.2913898497
WW182S125GP10.mat,10,gaussian,27,avg_min_intensity,0.6481106405053644,69704.18165428011,107549.81834571989
WW182S125GP10.mat,10,gaussian,29,q1,0.9599663934085598,103172.2592531106,107474.86574688942
WW182S125GP10.mat,10,gaussian,29,avg_min_intensity,0.7142706647992119,76665.20356639099,107333.54643360902
WW182S125GP10.mat,10,gaussian,31,q1,0.9623019361307157,103819.01374362421,107886.11125637578
WW182S125GP10.mat,10,gaussian,31,avg_min_intensity,0.7113495025109497,76262.10496267302,107207.64503732696
WW172S075G0.mat,10,gaussian,3,q1,0.7293069909531023,74633.36483931946,102334.63516068054
WW172S075G0.mat,10,gaussian,3,avg_min_intensity,0.6878788870761181,70396.903680579,102339.09631942103
WW172S075G0.mat,10,gaussian,5,q1,0.6905218660646443,70637.93123818525,102296.44376181473
WW172S075G0.mat,10,gaussian,5,avg_min_intensity,0.6479878377507484,66775.67880474942,103050.82119525058
WW172S075G0.mat,10,gaussian,7,q1,0.6330824960409077,64758.489793471206,102290.7602065288
WW172S075G0.mat,10,gaussian,7,avg_min_intensity,0.48066284494005546,51438.09073724008,107014.90926275993
WW172S075G0.mat,10,gaussian,9,q1,0.6032841063326043,62160.64675204364,103037.10324795637
WW172S075G0.mat,10,gaussian,9,avg_min_intensity,0.6425012566534475,65707.19392096868,102267.80607903129
WW172S075G0.mat,10,gaussian,11,q1,0.5897866029055775,60819.751820906575,103121.62317909343
WW172S075G0.mat,10,gaussian,11,avg_min_intensity,0.6175063278357082,63117.1077504726,102212.89224952742
WW172S075G0.mat,10,gaussian,13,q1,0.5714256401510288,58628.990430056714,102601.25956994329
WW172S075G0.mat,10,gaussian,13,avg_min_intensity,0.5133598382751782,55903.56805293005,108897.43194706994
WW172S075G0.mat,10,gaussian,15,q1,0.5946809889271264,61950.0,104173.5
WW172S075G0.mat,10,gaussian,15,avg_min_intensity,0.6141575749333771,66930.5529300567,108979.44706994329
WW172S075G0.mat,10,gaussian,17,q1,0.5933058959907987,61146.019756140246,103059.85524385978
WW172S075G0.mat,10,gaussian,17,avg_min_intensity,0.6666205489923784,68668.34966069827,103009.65033930173
WW172S075G0.mat,10,gaussian,19,q1,0.5665556530629735,58668.75,103553.375
WW172S075G0.mat,10,gaussian,19,avg_min_intensity,0.6326825390186475,64682.183364839315,102234.81663516068
WW172S075G0.mat,10,gaussian,21,q1,0.5487040254228375,56701.984877126655,103338.01512287333
WW172S075G0.mat,10,gaussian,21,avg_min_intensity,0.6276350594461683,64161.15311909263,102226.84688090737
WW172S075G0.mat,10,gaussian,23,q1,0.578586497158764,59142.88752362949,102219.6124763705
WW172S075G0.mat,10,gaussian,23,avg_min_intensity,0.6015770181551285,61504.39508506617,102238.60491493384
WW172S075G0.mat,10,gaussian,25,q1,0.6168012434023065,63072.53287182736,102257.46712817263
WW172S075G0.mat,10,gaussian,25,avg_min_intensity,0.6550468048877579,67005.83096682033,102291.66903317964
WW172S075G0.mat,10,gaussian,27,q1,0.6083621733366253,62285.870863774915,102382.87913622506
WW172S075G0.mat,10,gaussian,27,avg_min_intensity,0.6480441808420265,66259.16824196598,102244.83175803402
WW172S075G0.mat,10,gaussian,29,q1,0.6372206881385315,65171.45557655954,102274.54442344047
WW172S075G0.mat,10,gaussian,29,avg_min_intensity,0.554461511815358,57273.422219832544,103295.57778016746
WW172S075G0.mat,10,gaussian,31,q1,0.6171922844793154,63097.258979206046,102232.74102079397
WW172S075G0.mat,10,gaussian,31,avg_min_intensity,0.6405734562763086,66413.22845658858,103677.77154341144
WW182S050G0.mat,10,gaussian,3,q1,0.5805752992311728,64257.358170546926,110678.76682945307
WW182S050G0.mat,10,gaussian,3,avg_min_intensity,0.7373888232185474,80870.3629004673,109671.2620995327
WW182S050G0.mat,10,gaussian,5,q1,0.8628591552351724,90768.65696685729,105195.21803314271
WW182S050G0.mat,10,gaussian,5,avg_min_intensity,0.7361860808614151,79308.34000106665,107728.65999893336
WW182S050G0.mat,10,gaussian,7,q1,0.9057651065220276,95462.6436378351,105394.48136216486
WW182S050G0.mat,10,gaussian,7,avg_min_intensity,0.5822078234075185,61135.382888159584,105006.1171118404
WW182S050G0.mat,10,gaussian,9,q1,0.895058594483212,95148.28104280973,106303.96895719027
WW182S050G0.mat,10,gaussian,9,avg_min_intensity,0.5934039060599557,62661.23570060215,105596.26429939787
WW182S050G0.mat,10,gaussian,11,q1,0.9043524160085665,95164.64632190717,105229.60367809281
WW182S050G0.mat,10,gaussian,11,avg_min_intensity,0.5345853205406358,56103.038324107656,104946.83667589234
WW182S050G0.mat,10,gaussian,13,q1,0.8396339523409644,88323.90446854461,105193.34553145539
WW182S050G0.mat,10,gaussian,13,avg_min_intensity,0.4800992086012342,50373.627906069065,104923.37209393094
WW182S050G0.mat,10,gaussian,15,q1,0.9226570953623633,97626.18061478177,105809.81938521827
WW182S050G0.mat,10,gaussian,15,avg_min_intensity,0.7166607080999793,75322.48470444634,105102.01529555366
WW182S050G0.mat,10,gaussian,17,q1,0.8867676986365146,93810.96456735622,105789.7854326438
WW182S050G0.mat,10,gaussian,17,avg_min_intensity,0.6572433803364005,69036.70797822431,105039.79202177566
WW182S050G0.mat,10,gaussian,19,q1,0.9274201975255203,98460.37591467844,106165.87408532157
WW182S050G0.mat,10,gaussian,19,avg_min_intensity,0.6864556363378077,72148.12067805998,105102.37932194001
WW182S050G0.mat,10,gaussian,21,q1,0.922939336873225,98022.56144306913,106206.93855693087
WW182S050G0.mat,10,gaussian,21,avg_min_intensity,0.7265497938136554,76480.9945530608,105266.00544693919
WW182S050G0.mat,10,gaussian,23,q1,0.9343418884525548,98488.92848681349,105409.94651318651
WW182S050G0.mat,10,gaussian,23,avg_min_intensity,0.7414162702722339,77942.71146288536,105126.78853711463
WW182S050G0.mat,10,gaussian,25,q1,0.9245597377672257,97286.05455104922,105224.19544895076
WW182S050G0.mat,10,gaussian,25,avg_min_intensity,0.7497247062584513,78810.23152943373,105118.89347056627
WW182S050G0.mat,10,gaussian,27,q1,0.9448956421535155,99864.06716448837,105687.93283551162
WW182S050G0.mat,10,gaussian,27,avg_min_intensity,0.7810493927597956,82137.93701213133,105163.56298786866
WW182S050G0.mat,10,gaussian,29,q1,0.9323519518054129,98539.90250758323,105689.59749241675
WW182S050G0.mat,10,gaussian,29,avg_min_intensity,0.727868313425233,76895.58563836005,105644.91436163997
WW182S050G0.mat,10,gaussian,31,q1,0.9516526827686923,104421.63117548623,109726.61882451377
WW182S050G0.mat,10,gaussian,31,avg_min_intensity,0.7734102745000824,83415.2208997757,107853.77910022427
WW141S125G0.mat,10,gaussian,3,q1,0.3429570191740605,35602.018767123365,103808.98123287664
WW141S125G0.mat,10,gaussian,3,avg_min_intensity,0.6812474781227507,63081.179878255134,92596.57012174487
WW141S125G0.mat,10,gaussian,5,q1,0.2560884424324286,26467.991208062052,103354.88379193794
WW141S125G0.mat,10,gaussian,5,avg_min_intensity,0.718644559887644,66478.5432519255,92505.45674807452
WW141S125G0.mat,10,gaussian,7,q1,0.47872216116956784,44512.16554057581,92981.20945942418
WW141S125G0.mat,10,gaussian,7,avg_min_intensity,0.8338476340903033,74334.32615164973,89146.17384835026
WW141S125G0.mat,10,gaussian,9,q1,0.44274285730177293,41422.28623099605,93558.33876900395
WW141S125G0.mat,10,gaussian,9,avg_min_intensity,0.7165416244361034,66144.39258781234,92310.60741218764
WW141S125G0.mat,10,gaussian,11,q1,0.5796252403104499,57318.26302615292,98888.48697384709
WW141S125G0.mat,10,gaussian,11,avg_min_intensity,0.8234812497443348,74185.8787083594,90088.1212916406
WW141S125G0.mat,10,gaussian,13,q1,0.3683412322796962,33184.57183774052,90091.92816225949
WW141S125G0.mat,10,gaussian,13,avg_min_intensity,0.7125944666582043,62795.041715793785,88121.70828420621
WW141S125G0.mat,10,gaussian,15,q1,0.30771433691189237,32835.503467584516,106707.74653241549
WW141S125G0.mat,10,gaussian,15,avg_min_intensity,0.5624925511674558,47711.83563129701,84822.16436870299
WW141S125G0.mat,10,gaussian,17,q1,0.3607013725645756,34361.49621858187,95263.00378141813
WW141S125G0.mat,10,gaussian,17,avg_min_intensity,0.7083639134235583,59560.79779980269,84082.20220019731
WW141S125G0.mat,10,gaussian,19,q1,0.4104216122092586,38778.01353813058,94483.36146186943
WW141S125G0.mat,10,gaussian,19,avg_min_intensity,0.7705694436551725,74831.95769551015,97112.54230448985
WW141S125G0.mat,10,gaussian,21,q1,0.34631080786221824,32526.79437307394,93923.70562692606
WW141S125G0.mat,10,gaussian,21,avg_min_intensity,0.7324818687606655,65176.50655881311,88980.36844118689
WW141S125G0.mat,10,gaussian,23,q1,0.2555788759305918,26816.3868873463,104924.1131126537
WW141S125G0.mat,10,gaussian,23,avg_min_intensity,0.4515439568778117,37854.973719619775,83834.52628038022
WW141S125G0.mat,10,gaussian,25,q1,0.2401659864135254,23668.385467793316,98550.11453220666
WW141S125G0.mat,10,gaussian,25,avg_min_intensity,0.6462337248421895,54752.1416059376,84724.9833940624
WW141S125G0.mat,10,gaussian,27,q1,0.38641836619060216,36939.478727061614,95594.5212729384
WW141S125G0.mat,10,gaussian,27,avg_min_intensity,0.3893738369444376,32621.11227967983,83778.3877203202
WW141S125G0.mat,10,gaussian,29,q1,0.25669629187205384,26869.16157138466,104672.96342861533
WW141S125G0.mat,10,gaussian,29,avg_min_intensity,0.5130032935430737,43054.03827635371,83925.46172364628
WW141S125G0.mat,10,gaussian,31,q1,0.31594099595485753,31470.490638500036,99608.75936149996
WW141S125G0.mat,10,gaussian,31,avg_min_intensity,0.4454945854289157,37341.09228907555,83819.40771092445
WW182S100G0.mat,10,gaussian,3,q1,0.8991679198083087,92870.59003595173,103285.03496404829
WW182S100G0.mat,10,gaussian,3,avg_min_intensity,0.7148312710279606,73691.55733195948,103089.44266804053
WW182S100G0.mat,10,gaussian,5,q1,0.880238125112365,90871.08657756778,103234.66342243222
WW182S100G0.mat,10,gaussian,5,avg_min_intensity,0.6110709897498955,69083.68032946119,113053.4446705388
WW182S100G0.mat,10,gaussian,7,q1,0.9042810918259563,93367.72423796763,103250.77576203238
WW182S100G0.mat,10,gaussian,7,avg_min_intensity,0.4625389001633665,51286.649036481496,110880.72596351852
WW182S100G0.mat,10,gaussian,9,q1,0.876288197499852,92877.30218223443,105989.4478177656
WW182S100G0.mat,10,gaussian,9,avg_min_intensity,0.5388514708652908,55534.940358777494,103061.68464122248
WW182S100G0.mat,10,gaussian,11,q1,0.8428827126405801,89141.4344520219,105757.8155479781
WW182S100G0.mat,10,gaussian,11,avg_min_intensity,0.6004388381679098,61882.501620877876,103062.12337912215
WW182S100G0.mat,10,gaussian,13,q1,0.8180188392559528,85433.8256713235,104439.92432867651
WW182S100G0.mat,10,gaussian,13,avg_min_intensity,0.6165665450433534,69644.55095901851,112955.44904098148
WW182S100G0.mat,10,gaussian,15,q1,0.8776453832284484,91779.40793172228,104574.59206827774
WW182S100G0.mat,10,gaussian,15,avg_min_intensity,0.4072354647208876,41896.418002695376,102880.08199730463
WW182S100G0.mat,10,gaussian,17,q1,0.9452429012280215,100233.16498479129,106039.5850152087
WW182S100G0.mat,10,gaussian,17,avg_min_intensity,0.6180519283627609,63686.335530771794,103043.6644692282
WW182S100G0.mat,10,gaussian,19,q1,0.9296624010028554,97210.67941359284,104565.57058640716
WW182S100G0.mat,10,gaussian,19,avg_min_intensity,0.6711436128095029,69721.85292509697,103885.14707490303
WW182S100G0.mat,10,gaussian,21,q1,0.8677879460999354,92487.1136065433,106578.01139345669
WW182S100G0.mat,10,gaussian,21,avg_min_intensity,0.6473536103497601,66714.48959556584,103057.26040443417
WW182S100G0.mat,10,gaussian,23,q1,0.893310649426463,95109.41190808023,106468.46309191975
WW182S100G0.mat,10,gaussian,23,avg_min_intensity,0.5525849845570042,57552.71339352397,104151.78660647605
WW182S100G0.mat,10,gaussian,25,q1,0.9209623582169231,99051.3586284905,107552.0163715095
WW182S100G0.mat,10,gaussian,25,avg_min_intensity,0.6627809184257311,71018.03153049746,107151.59346950255
WW182S100G0.mat,10,gaussian,27,q1,0.930666527861829,101950.71329134885,109545.91170865115
WW182S100G0.mat,10,gaussian,27,avg_min_intensity,0.5899910775493947,61769.629469350075,104695.87053064993
WW182S100G0.mat,10,gaussian,29,q1,0.9121070870164895,96818.41792961035,106148.08207038965
WW182S100G0.mat,10,gaussian,29,avg_min_intensity,0.69113449701134,73327.99282369862,106098.00717630141
WW182S100G0.mat,10,gaussian,31,q1,0.8868830870115405,95772.38730550253,107987.61269449747
WW182S100G0.mat,10,gaussian,31,avg_min_intensity,0.7105145449525913,74639.94633459383,105050.55366540616
WW172S125G0.mat,10,gaussian,3,q1,0.695879123085945,71833.55968802956,103227.06531197044
WW172S125G0.mat,10,gaussian,3,avg_min_intensity,0.6833517124144065,72810.16085058903,106548.58914941097
WW172S125G0.mat,10,gaussian,5,q1,0.6801909151383536,70254.01714879597,103285.73285120403
WW172S125G0.mat,10,gaussian,5,avg_min_intensity,0.6246327438289989,67484.62126466242,108038.87873533761
WW172S125G0.mat,10,gaussian,7,q1,0.6587930980155366,68028.77229458508,103262.72770541492
WW172S125G0.mat,10,gaussian,7,avg_min_intensity,0.35436604603652144,42170.81944596936,119003.55555403065
WW172S125G0.mat,10,gaussian,9,q1,0.6912412041169173,71388.31940519597,103275.55559480404
WW172S125G0.mat,10,gaussian,9,avg_min_intensity,0.5217304702446116,53808.22735112484,103134.14764887517
WW172S125G0.mat,10,gaussian,11,q1,0.5896591921385258,60864.34479411834,103219.53020588166
WW172S125G0.mat,10,gaussian,11,avg_min_intensity,0.6272656616248702,64906.57864079436,103475.42135920566
WW172S125G0.mat,10,gaussian,13,q1,0.5888912730746151,61525.188239047624,104476.31176095238
WW172S125G0.mat,10,gaussian,13,avg_min_intensity,0.5956883325802791,61476.515756909255,103202.48424309076
WW172S125G0.mat,10,gaussian,15,q1,0.5593100632069021,58001.501449951684,103701.8735500483
WW172S125G0.mat,10,gaussian,15,avg_min_intensity,0.584576647469908,60313.71567077249,103175.03432922752
WW172S125G0.mat,10,gaussian,17,q1,0.5123733851048476,52901.306285892584,103247.56871410743
WW172S125G0.mat,10,gaussian,17,avg_min_intensity,0.5177395432868772,53379.135584955664,103100.36441504434
WW172S125G0.mat,10,gaussian,19,q1,0.6271080581241859,64769.12883268749,103282.2461673125
WW172S125G0.mat,10,gaussian,19,avg_min_intensity,0.5537588800205914,57136.09592345795,103178.65407654205
WW172S125G0.mat,10,gaussian,21,q1,0.5762048932712398,60007.44803816417,104142.55196183585
WW172S125G0.mat,10,gaussian,21,avg_min_intensity,0.494106143855881,50961.079957510614,103137.9200424894
WW172S125G0.mat,10,gaussian,23,q1,0.5820899822814748,60857.09091852604,104549.28408147395
WW172S125G0.mat,10,gaussian,23,avg_min_intensity,0.611608123146005,63198.61825512682,103331.88174487317
WW172S125G0.mat,10,gaussian,25,q1,0.6311579220371901,65179.07745761287,103269.04754238714
WW172S125G0.mat,10,gaussian,25,avg_min_intensity,0.6055387916115085,62508.72493998306,103228.27506001692
WW172S125G0.mat,10,gaussian,27,q1,0.6078738794385274,62758.6386519644,103242.86134803561
WW172S125G0.mat,10,gaussian,27,avg_min_intensity,0.6229067562735764,64298.71513635195,103223.65986364803
WW172S125G0.mat,10,gaussian,29,q1,0.6214648173064123,64536.39187899417,103845.60812100582
WW172S125G0.mat,10,gaussian,29,avg_min_intensity,0.6679589193692475,69125.83971288968,103488.16028711032
WW172S125G0.mat,10,gaussian,31,q1,0.502844229040037,52003.26343447273,103418.23656552727
WW172S125G0.mat,10,gaussian,31,avg_min_intensity,0.6443914385075515,69922.94830455596,108510.05169544404
WW141S100G0.mat,10,gaussian,3,q1,0.39383342883085276,40079.706676628695,101768.1683233713
WW141S100G0.mat,10,gaussian,3,avg_min_intensity,0.28163693793110955,30371.567544886795,107839.4324551132
WW141S100G0.mat,10,gaussian,5,q1,0.2828502245375713,28374.09375567324,100314.90624432676
WW141S100G0.mat,10,gaussian,5,avg_min_intensity,0.7335413503511792,65254.74320190163,88958.50679809836
WW141S100G0.mat,10,gaussian,7,q1,0.46407788507767106,43096.95960334565,92865.79039665435
WW141S100G0.mat,10,gaussian,7,avg_min_intensity,0.7360719055394134,69814.12212898329,94846.87787101671
WW141S100G0.mat,10,gaussian,9,q1,0.4057847630054733,38368.118578932495,94552.8814210675
WW141S100G0.mat,10,gaussian,9,avg_min_intensity,0.6469754919709897,54215.00586552475,83797.61913447526
WW141S100G0.mat,10,gaussian,11,q1,0.471896503970045,44395.85538742053,94079.64461257948
WW141S100G0.mat,10,gaussian,11,avg_min_intensity,0.7716840411394574,64116.95028806275,83087.04971193727
WW141S100G0.mat,10,gaussian,13,q1,0.4367175316218476,39338.560710431535,90077.81428956847
WW141S100G0.mat,10,gaussian,13,avg_min_intensity,0.6671657230028688,55520.91860591757,83219.0813940824
WW141S100G0.mat,10,gaussian,15,q1,0.46948285724132693,39128.79354957218,83344.4564504278
WW141S100G0.mat,10,gaussian,15,avg_min_intensity,0.6568534436001222,54609.73666995455,83138.38833004543
WW141S100G0.mat,10,gaussian,17,q1,0.33703669924190577,32839.63189292714,97436.36810707286
WW141S100G0.mat,10,gaussian,17,avg_min_intensity,0.5637232727030501,46773.87920240549,82973.12079759451
WW141S100G0.mat,10,gaussian,19,q1,0.34486724307217353,33237.3932997862,96377.35670021379
WW141S100G0.mat,10,gaussian,19,avg_min_intensity,0.6147426346543542,51258.38646927049,83381.86353072953
WW141S100G0.mat,10,gaussian,21,q1,0.2772632272653302,27719.984600049345,99977.14039995066
WW141S100G0.mat,10,gaussian,21,avg_min_intensity,0.5492391382646383,46091.91858171049,83919.58141828951
WW141S100G0.mat,10,gaussian,23,q1,0.32363409659964953,31529.672424633696,97423.82757536629
WW141S100G0.mat,10,gaussian,23,avg_min_intensity,0.5083873963573247,42214.4707263046,83036.0292736954
WW141S100G0.mat,10,gaussian,25,q1,0.2783895411432038,29233.64527297185,105009.85472702813
WW141S100G0.mat,10,gaussian,25,avg_min_intensity,0.9042034231771333,76210.47187600948,84284.65312399052
WW141S100G0.mat,10,gaussian,27,q1,0.3375112855762617,33374.78998037939,98884.96001962062
WW141S100G0.mat,10,gaussian,27,avg_min_intensity,0.5472575874787521,45469.9058698752,83086.84413012478
WW141S100G0.mat,10,gaussian,29,q1,0.38717108981785703,38095.99261875144,98395.75738124854
WW141S100G0.mat,10,gaussian,29,avg_min_intensity,0.6266807561087313,52736.462492985906,84152.03750701409
WW141S100G0.mat,10,gaussian,31,q1,0.3924428467073976,38487.153230048796,98070.7217699512
WW141S100G0.mat,10,gaussian,31,avg_min_intensity,0.7739026894389686,74087.03314144531,95731.71685855468
WW182S125G0.mat,10,gaussian,3,q1,0.9257621155859754,95877.00850661626,103565.49149338373
WW182S125G0.mat,10,gaussian,3,avg_min_intensity,0.8166683724834606,84782.68463664684,103815.31536335318
WW182S125G0.mat,10,gaussian,5,q1,0.6085451201506503,62869.86649338376,103311.75850661626
WW182S125G0.mat,10,gaussian,5,avg_min_intensity,0.6200111499742189,68687.86435099928,110784.88564900073
WW182S125G0.mat,10,gaussian,7,q1,0.817678541237004,84602.41020793951,103466.58979206049
WW182S125G0.mat,10,gaussian,7,avg_min_intensity,0.5140653819319518,53055.3934310019,103207.48156899812
WW182S125G0.mat,10,gaussian,9,q1,0.8504997305282821,88017.88752362947,103489.61247637052
WW182S125G0.mat,10,gaussian,9,avg_min_intensity,0.5098095339721435,52608.17580340266,103191.82419659736
WW182S125G0.mat,10,gaussian,11,q1,0.8760931658357889,91591.20203985651,104545.0479601435
WW182S125G0.mat,10,gaussian,11,avg_min_intensity,0.471775441503905,48669.68336483932,103162.81663516068
WW182S125G0.mat,10,gaussian,13,q1,0.9177521643431051,95033.06356332704,103549.81143667297
WW182S125G0.mat,10,gaussian,13,avg_min_intensity,0.42394922453998624,43728.20770321361,103144.9172967864
WW182S125G0.mat,10,gaussian,15,q1,0.8748921326362793,91740.2258783942,104858.89912160582
WW182S125G0.mat,10,gaussian,15,avg_min_intensity,0.39803326068158595,41044.28166351606,103117.71833648393
WW182S125G0.mat,10,gaussian,17,q1,0.9018132875695722,94196.5801444925,104452.41985550753
WW182S125G0.mat,10,gaussian,17,avg_min_intensity,0.3802521623914111,39205.789224952736,103104.71077504725
WW182S125G0.mat,10,gaussian,19,q1,0.8876658988598398,93662.5059073724,105515.4940926276
WW182S125G0.mat,10,gaussian,19,avg_min_intensity,0.5991717932679211,61892.68667296786,103297.06332703214
WW182S125G0.mat,10,gaussian,21,q1,0.9413311275099906,97573.28864506894,103654.58635493106
WW182S125G0.mat,10,gaussian,21,avg_min_intensity,0.5564841009347022,57475.7147920605,103283.66020793951
WW182S125G0.mat,10,gaussian,23,q1,0.9020886776587941,94556.66951423656,104819.70548576342
WW182S125G0.mat,10,gaussian,23,avg_min_intensity,0.6714016985126952,71616.04144689122,106666.45855310877
WW182S125G0.mat,10,gaussian,25,q1,0.9607763429657138,101096.12725778423,105223.37274221577
WW182S125G0.mat,10,gaussian,25,avg_min_intensity,0.681416339537106,70643.47266847131,103671.52733152868
WW182S125G0.mat,10,gaussian,27,q1,0.9644540747916193,101163.26308227266,104891.73691772735
WW182S125G0.mat,10,gaussian,27,avg_min_intensity,0.7550799881267305,79318.93590762124,105047.06409237874
WW182S125G0.mat,10,gaussian,29,q1,0.958719680323809,100467.79109824085,104793.70890175916
WW182S125G0.mat,10,gaussian,29,avg_min_intensity,0.6861099983913751,70932.0652173913,103382.9347826087
WW182S125G0.mat,10,gaussian,31,q1,0.9114785891724375,98445.43950850662,108006.31049149338
WW182S125G0.mat,10,gaussian,31,avg_min_intensity,0.6514329174924957,69074.22022684311,106034.27977315689
WW172S100G0.mat,10,gaussian,3,q1,0.7873356878505385,81150.33062048614,103069.54437951384
WW172S100G0.mat,10,gaussian,3,avg_min_intensity,0.7362886825884241,75876.80738842348,103053.06761157652
WW172S100G0.mat,10,gaussian,5,q1,0.5678178649313477,58480.76181402693,102992.11318597308
WW172S100G0.mat,10,gaussian,5,avg_min_intensity,0.6572900157519994,67712.5728185691,103017.80218143093
WW172S100G0.mat,10,gaussian,7,q1,0.599637977034366,61768.86432496231,103010.26067503769
WW172S100G0.mat,10,gaussian,7,avg_min_intensity,0.5371236563834468,63887.50123865026,118943.74876134975
WW172S100G0.mat,10,gaussian,9,q1,0.619308266728887,63804.144617148195,103024.8553828518
WW172S100G0.mat,10,gaussian,9,avg_min_intensity,0.6730971337437047,69350.92853520018,103032.57146479981
WW172S100G0.mat,10,gaussian,11,q1,0.6086257548784881,62694.66613229667,103010.20886770333
WW172S100G0.mat,10,gaussian,11,avg_min_intensity,0.6730439008301967,69347.6502446768,103035.8497553232
WW172S100G0.mat,10,gaussian,13,q1,0.6417524619086643,66117.2617920699,103026.1132079301
WW172S100G0.mat,10,gaussian,13,avg_min_intensity,0.4919133917792804,50646.280841242835,102957.71915875716
WW172S100G0.mat,10,gaussian,15,q1,0.5957767034584333,61371.48717105518,103010.8878289448
WW172S100G0.mat,10,gaussian,15,avg_min_intensity,0.5936739804957715,63822.01930271031,107503.4806972897
WW172S100G0.mat,10,gaussian,17,q1,0.5951788982822157,61308.21110420869,103008.0388957913
WW172S100G0.mat,10,gaussian,17,avg_min_intensity,0.5379634144157753,55394.41011756255,102970.58988243746
WW172S100G0.mat,10,gaussian,19,q1,0.5619123257924865,57877.25032830845,103000.49967169156
WW172S100G0.mat,10,gaussian,19,avg_min_intensity,0.5681808548286524,58528.559907839466,103010.44009216054
WW172S100G0.mat,10,gaussian,21,q1,0.5072860079879897,52230.44760479951,102960.55239520049
WW172S100G0.mat,10,gaussian,21,avg_min_intensity,0.7284450184184045,76997.6337122966,105701.36628770338
WW172S100G0.mat,10,gaussian,23,q1,0.5976512019486099,61566.55653945899,103014.19346054105
WW172S100G0.mat,10,gaussian,23,avg_min_intensity,0.5813466814954099,59872.381986997905,102989.11801300208
WW172S100G0.mat,10,gaussian,25,q1,0.6015471763224407,61966.17292886729,103011.32707113272
WW172S100G0.mat,10,gaussian,25,avg_min_intensity,0.5505880522860338,56702.37783001261,102985.12216998741
WW172S100G0.mat,10,gaussian,27,q1,0.6495664254189414,66917.7589575278,103019.11604247222
WW172S100G0.mat,10,gaussian,27,avg_min_intensity,0.5984266187400449,61641.28621058005,103005.58878941994
WW172S100G0.mat,10,gaussian,29,q1,0.5479391691501415,56432.518734817386,102990.48126518262
WW172S100G0.mat,10,gaussian,29,avg_min_intensity,0.6621222733557215,68459.88050968028,103394.61949031972
WW172S100G0.mat,10,gaussian,31,q1,0.5840772498888746,60147.43628952216,102978.56371047784
WW172S100G0.mat,10,gaussian,31,avg_min_intensity,0.6501856392584306,66982.46948781055,103020.53051218943
WW172S125GP10.mat,10,gaussian,3,q1,0.654615342645964,68954.93293947508,105336.56706052492
WW172S125GP10.mat,10,gaussian,3,avg_min_intensity,0.7039149814893618,74597.79701537307,105975.57798462691
WW172S125GP10.mat,10,gaussian,5,q1,0.7153359043628726,75358.54718253922,105347.07781746077
WW172S125GP10.mat,10,gaussian,5,avg_min_intensity,0.4135201131375749,51762.12267383942,125174.37732616058
WW172S125GP10.mat,10,gaussian,7,q1,0.6684419633495312,70410.70111031894,105335.54888968106
WW172S125GP10.mat,10,gaussian,7,avg_min_intensity,0.317104492514729,39653.78634850723,125049.58865149277
WW172S125GP10.mat,10,gaussian,9,q1,0.5636788768237905,59325.01121077768,105246.11378922232
WW172S125GP10.mat,10,gaussian,9,avg_min_intensity,0.2421818023684719,31092.89854124417,128386.60145875583
WW172S125GP10.mat,10,gaussian,11,q1,0.6052259737318932,63719.43830553427,105282.06169446572
WW172S125GP10.mat,10,gaussian,11,avg_min_intensity,0.3010750743455113,34517.272119954345,114646.72788004566
WW172S125GP10.mat,10,gaussian,13,q1,0.6041099928590129,63596.387944559814,105272.86205544017
WW172S125GP10.mat,10,gaussian,13,avg_min_intensity,0.6208118722626453,70303.90157672248,113245.09842327754
WW172S125GP10.mat,10,gaussian,15,q1,0.609834841238004,64221.24984758888,105309.2501524111
WW172S125GP10.mat,10,gaussian,15,avg_min_intensity,0.6090255249166164,64118.2234393408,105280.02656065921
WW172S125GP10.mat,10,gaussian,17,q1,0.5830063844215994,61364.949462414734,105256.05053758528
WW172S125GP10.mat,10,gaussian,17,avg_min_intensity,0.3697500879123863,40836.495498705626,110443.50450129437
WW172S125GP10.mat,10,gaussian,19,q1,0.5839083256851026,61961.18056789563,106114.56943210436
WW172S125GP10.mat,10,gaussian,19,avg_min_intensity,0.5503373641227656,57926.37718679909,105256.12281320091
WW172S125GP10.mat,10,gaussian,21,q1,0.6377337019765233,67148.15689273036,105291.84310726965
WW172S125GP10.mat,10,gaussian,21,avg_min_intensity,0.5079730823128361,53454.6786579657,105231.3213420343
WW172S125GP10.mat,10,gaussian,23,q1,0.5889519575834005,62003.893910231476,105278.35608976852
WW172S125GP10.mat,10,gaussian,23,avg_min_intensity,0.6691190934922703,71884.88164539056,107432.11835460944
WW172S125GP10.mat,10,gaussian,25,q1,0.7575255119226835,79853.9907228634,105414.25927713662
WW172S125GP10.mat,10,gaussian,25,avg_min_intensity,0.5853921354158473,61621.00658416377,105264.49341583622
WW172S125GP10.mat,10,gaussian,27,q1,0.689870874083884,72664.26280273798,105330.23719726202
WW172S125GP10.mat,10,gaussian,27,avg_min_intensity,0.42072265838804346,44250.688470238056,105177.81152976195
WW172S125GP10.mat,10,gaussian,29,q1,0.5862134845712955,61748.826076772864,105335.04892322714
WW172S125GP10.mat,10,gaussian,29,avg_min_intensity,0.5036536230559199,52997.345223379336,105225.77977662066
WW172S125GP10.mat,10,gaussian,31,q1,0.6400540314665597,67400.3474010974,105304.15259890258
WW172S125GP10.mat,10,gaussian,31,avg_min_intensity,0.6589377306446672,69544.57086529008,105540.42913470994
